<?xml version="1.0" encoding="UTF-8"?>
<beans xmlns="http://www.springframework.org/schema/beans"
       xmlns:p ="http://www.springframework.org/schema/p"
       xmlns:xsi="http://www.w3.org/2001/XMLSchema-instance"
       xsi:schemaLocation="http://www.springframework.org/schema/beans http://www.springframework.org/schema/beans/spring-beans.xsd">

<!--    手工注入-->
<!--    <bean id="userDao" class="com.ahang.Dao.Impl.UserDaoImpl"/>-->
<!--    <bean id="userService" class="com.ahang.Service.Impl.UserServiceImpl"/>-->

<!--    构造函数依赖注入-->
<!--    <bean id="userDao" class="com.ahang.Dao.Impl.UserDaoImpl"/>-->
<!--    <bean id="userService" class="com.ahang.Service.Impl.UserServiceImpl" >-->
<!--        <constructor-arg name="userDao" ref="userDao"/>-->
<!--    </bean>-->

<!--    set属性注入-->
<!--    <bean id="userDao" class="com.ahang.Dao.Impl.UserDaoImpl"/>-->
<!--    <bean id="userService" class="com.ahang.Service.Impl.UserServiceImpl">-->
<!--        <property name="userDao" ref="userDao"/>-->
<!--    </bean>-->

<!--    p方式注入-->
<!--        <bean id="userDao" class="com.ahang.Dao.Impl.UserDaoImpl"/>-->
<!--    <bean id="userService" class="com.ahang.Service.Impl.UserServiceImpl"-->
<!--          p:userDao-ref="userDao"/>-->


    <bean id="s1" class="com.ahang.Entity.Student">
        <property name="name" value="kaka"/>
        <property name="age" value="21"/>
    </bean>

    <bean id="studentDao" class="com.ahang.Dao.Impl.StudentDaoImpl">
        <property name="name" value="haha"/>
        <property name="age" value="20"/>

<!--        列表-->
        <property name="listStr">
            <list>
                <value>haha</value>
                <value>gaga</value>
            </list>
        </property>

<!--        列表中含有引用-->
        <property name="listStudent">
            <list>
                <bean class="com.ahang.Entity.Student">
                    <property name="name" value="haha"/>
                    <property name="age" value="22"/>
                </bean>
                <ref bean="s1"/>
            </list>
        </property>

<!--        map映射-->
        <property name="mapStudent">
            <map>
                <entry key="s1" value-ref="s1"/>
            </map>
        </property>

<!--        properties属性-->
        <property name="properties">
            <props>
                <prop key="a1">aaa</prop>
                <prop key="a2">bbb</prop>
            </props>
        </property>
    </bean>


    <import resource="applicationContext-anno.xml"/>







</beans>