<?xml version="1.0" encoding="UTF-8"?>
<beans xmlns="http://www.springframework.org/schema/beans"
       xmlns:context="http://www.springframework.org/schema/context"
       xmlns:xsi="http://www.w3.org/2001/XMLSchema-instance"
       xsi:schemaLocation="http://www.springframework.org/schema/beans http://www.springframework.org/schema/beans/spring-beans.xsd
    http://www.springframework.org/schema/context  http://www.springframework.org/schema/context/spring-context.xsd
">
    <context:component-scan base-package="com.ahang"/>

<!--    视图解析加前后缀-->
    <bean class="org.springframework.web.servlet.view.InternalResourceViewResolver">
        <property name="suffix" value=".jsp"/>
        <property name="prefix" value="/WEB-INF/jsp/"/>
    </bean>

<!--    文件上传-->
    <bean id="multipartResolver" class="org.springframework.web.multipart.commons.CommonsMultipartResolver">
        <property name="defaultEncoding" value="UTF-8"/>
        <property name="maxUploadSize" value="500000"/>
     </bean>

<!--    异常处理-->
    <bean class="org.springframework.web.servlet.handler.SimpleMappingExceptionResolver">
        <property name="defaultErrorView" value="errorDefault"/>
        <property name="exceptionMappings">
            <map>
                <entry key="java.io.FileNotFoundException" value="errorClass"/>
                <entry key="com.ahang.Service.MyException" value="errorMy"/>
            </map>
        </property>
    </bean>
</beans>