<?xml version="1.0" encoding="UTF-8"?>
<beans xmlns="http://www.springframework.org/schema/beans"
       xmlns:aop="http://www.springframework.org/schema/aop"
       xmlns:context="http://www.springframework.org/schema/context"
       xmlns:xsi="http://www.w3.org/2001/XMLSchema-instance"
       xsi:schemaLocation="http://www.springframework.org/schema/beans
       http://www.springframework.org/schema/beans/spring-beans.xsd
        http://www.springframework.org/schema/aop
       http://www.springframework.org/schema/aop/spring-aop.xsd
       http://www.springframework.org/schema/context
       http://www.springframework.org/schema/context/spring-context.xsd
">

    <bean id="userDao" class="com.ahang.Dao.Impl.UserDaoImpl"/>
    <bean id="aspect" class="com.ahang.Dao.Impl.Aspect"/>

    <aop:config>
        <aop:aspect ref="aspect">
            <aop:pointcut id="pointUserDao" expression="execution( * com.ahang.Dao..* (..) )"/>
            <aop:before method="before" pointcut="execution(* com.ahang.Dao.Impl.*.* (..) )"/>
            <aop:after method="after" pointcut-ref="pointUserDao"/>
            <aop:after-returning method="afterReturn" pointcut-ref="pointUserDao"/>
            <aop:after-throwing method="afterThrow" pointcut-ref="pointUserDao"/>
            <aop:around method="around" pointcut-ref="pointUserDao"/>
        </aop:aspect>
    </aop:config>

</beans>